{"cameraMode":{"drawMode":0,"name":"Shaded","section":"Shading Mode"},"sceneLighting":true,"audioPlay":false,"sceneViewState":{"showFog":true,"showMaterialUpdate":false,"showSkybox":true,"showFlares":true,"showImageEffects":true,"showParticleSystems":true},"in2DMode":false,"pivot":{"x":-299.7333984375,"y":187.20709228515626,"z":284.7701110839844},"rotation":{"x":0.14965978264808656,"y":-0.5856865048408508,"z":0.11112184822559357,"w":0.7888125777244568},"size":1049.5029296875,"orthographic":false}